{"cameraMode":{"drawMode":0,"name":"Shaded","section":"Shading Mode"},"sceneLighting":true,"audioPlay":false,"sceneViewState":{"m_AlwaysRefresh":false,"showFog":true,"showSkybox":true,"showFlares":true,"showImageEffects":true,"showParticleSystems":true,"showVisualEffectGraphs":true,"m_FxEnabled":true},"in2DMode":false,"pivot":{"x":-0.7374229431152344,"y":2.1000003814697267,"z":29.065780639648439},"rotation":{"x":-0.1517474502325058,"y":0.6278321146965027,"z":-0.12654896080493928,"w":-0.7528563737869263},"size":27.981319427490236,"orthographic":true}